{
  "blur_threshold": 60.233847740618586,
  "exposure_low": 95.05778960340382,
  "exposure_high": 190.1478283429855,
  "min_width": 2120,
  "min_height": 1416,
  "stats": {
    "n_images": 58,
    "blur_mean": 426.7642474939801,
    "blur_p5": 75.29230967577323,
    "blur_p50": 286.7652108863757,
    "lum_mean": 154.01585753007646,
    "lum_p5": 111.83269365106332,
    "lum_p95": 181.09316985046237
  }
}